{"cameraMode":{"drawMode":0,"name":"Shaded","section":"Shading Mode"},"sceneLighting":true,"audioPlay":false,"sceneViewState":{"showFog":true,"showMaterialUpdate":false,"showSkybox":true,"showFlares":true,"showImageEffects":true,"showParticleSystems":true},"in2DMode":false,"pivot":{"x":240.775390625,"y":-359.558349609375,"z":318.024658203125},"rotation":{"x":-0.3402404189109802,"y":-0.3018430173397064,"z":0.11631413549184799,"w":-0.882949709892273},"size":271.9406433105469,"orthographic":false}