{"cameraMode":{"drawMode":0,"name":"Shaded","section":"Shading Mode"},"sceneLighting":true,"audioPlay":false,"sceneViewState":{"showFog":true,"showMaterialUpdate":false,"showSkybox":true,"showFlares":true,"showImageEffects":true,"showParticleSystems":true},"in2DMode":false,"pivot":{"x":-15.701143264770508,"y":-1.001598596572876,"z":0.14253664016723634},"rotation":{"x":0.18731261789798737,"y":0.4241430163383484,"z":-0.09013555943965912,"w":0.8814157247543335},"size":2.2069218158721926,"orthographic":false}