{"cameraMode":{"drawMode":0,"name":"Shaded","section":"Shading Mode"},"sceneLighting":true,"audioPlay":false,"sceneViewState":{"showFog":true,"showMaterialUpdate":false,"showSkybox":true,"showFlares":true,"showImageEffects":true,"showParticleSystems":true},"in2DMode":false,"pivot":{"x":-77.60362243652344,"y":-323.9872741699219,"z":-169.7667999267578},"rotation":{"x":0.814063310623169,"y":-0.03298031911253929,"z":0.04645182564854622,"w":0.5779757499694824},"size":87.08928680419922,"orthographic":false}